,Unnamed: 0,ItemID,Sentiment,SentimentText
1000,1000,1001,1,"- Fwd: Good Morn,happy birthday !  regardless of what ppl said yesterday,they don't realize what happend behind the scene.One of the  ..."
1001,1001,1002,0, gah. so much less ok than i was trying to tell myself i was.
1002,1002,1003,0, GCSE's clearly suck.
1003,1003,1004,0,- Geez Chelsea already scored against Everton   1-0
1004,1004,1005,0, gerald lost a friend............idk what to say........this is like day 2 of crazy events.......
1005,1005,1006,0, getting &quot;goodbye&quot; e-mails from #Iran #iranelection
1006,1006,1007,1,-- getting a Mani + Pedi with the husband! 
1007,1007,1008,1, getting a webcam today.
1008,1008,1009,0,"- Getting ready to leave for Spring City, TN - @EzraJane I'm going to miss your show tonight... "
1009,1009,1010,1,- getting ready to watch the Sprint Cup boys try to tame the concrete Monster Mile! hopefully tires won't be too much of an issue! 
1010,1010,1011,0, girls girls. don't fight! you both can have me! there's enough to go around!
1011,1011,1012,0, gnight my phone sucks Bleh
1012,1012,1013,1,-- g'night tweeties! &lt;3 talk to you all in the AM  - @damesmash haha you have work in the AM
1013,1013,1014,0, go away migraine!!! you are not welcome!!!
1014,1014,1015,0, go away rain.
1015,1015,1016,1, go follow my personal twitter! @nikkidallasen
1016,1016,1017,1, Go Wings! FTW!
1017,1017,1018,1,- God i'm up early. Hayley still asleep but today is party day so i'm getting stuff ready.  x
1018,1018,1019,1, going home to see my baby   [dont be ashamed of your faith]
1019,1019,1020,1, going out for dinner with the family 
1020,1020,1021,0, going to bed
1021,1021,1022,1, going to bed.
1022,1022,1023,1,=- going to bed.
1023,1023,1024,0, going to get piï¿½a colada mix to wallow in my sorrows
1024,1024,1025,0," going to have such a bad day, I love my x3 I can't believe I backed into someone "
1025,1025,1026,0, going to lay down. Fuck tonight
1026,1026,1027,1, Going to London Expo this weekend  Can't wait !
1027,1027,1028,0, going to master classes without my car... I miss you my VW!!!
1028,1028,1029,1,"- goingg to sleep  school , then out for pizzaa!"
1029,1029,1030,0, gonna miss jesse mccartney's live stream from kiss concert cuz i have to babysit. figures they dont have internet klfjhadsklfhk fml
1030,1030,1031,1," Gonna WoW for a bit. Later, Twitter &lt;3"
1031,1031,1032,0, good luck!!
1032,1032,1033,1, good morning lovely! 
1033,1033,1034,1, good morning/afternoon. Things will be great today.
1034,1034,1035,1, @only1fe FF @TommyBlack @djksly @Wordsmithmusic&lt;--FF them!Tommy- CHi ALLday K-sly..FLY!!JUNCITY! MANHATTAN!ATL OWWW! ; ) wordsmith fiyah!
1035,1035,1036,1, @pageoneresults Online reality blogging &amp; tweets... My Life On the Social Media D-List
1036,1036,1037,1,"- @paul_a_smith - ooh, but Clean Sheet Day is awesome!! Woo!  hope you're feeling better now?"
1037,1037,1038,0,"- @PJ - @alexjreid's family friend who died is also my old art teacher  very sad, he was a madcap teacher we all liked"
1038,1038,1039,1, @rabbitroodle  I think I've won the battle over the impending *crud*. Enjoy your drive this AM
1039,1039,1040,1,- @rainboweffect Crickey can't think that far ahead - think getting to 2009 followers is pretty ambitious 
1040,1040,1041,1," @reidstott Coffee keeps me running. In fact, without coffee, I wouldn't get any exercise at all http://tr.im/mNkZ"
1041,1041,1042,1, @remysoon
1042,1042,1043,0, @saharabloom got off lazy bum and did Chalean burn intervals. I turned a fascinating shade of puce. Wondered where all the oxygen went .
1043,1043,1044,1,- @samshafer I bookmarked it and will check it out after I get some sleep. Thanks Sam! 
1044,1044,1045,0, @shanedawson i'm sad now i leave for 2 hours and u didn't even miss me  anywho um i still luv u and whats with getting a frozen turkey?
1045,1045,1046,1, @ShannonHerod &quot;It is always your next move.&quot; Napoleon Hil http://tr.im/mR0u
1046,1046,1047,1, @sonjatweet ur hot
1047,1047,1048,1," @ssandall That's it! Removing bots is like weeding a garden. Not fun, but must be done... eventually!"
1048,1048,1049,1, @TheNotoriousJEN
1049,1049,1050,1, @tjwriter Hubby has Briso on DVD.  I haven't seen it all yet but I enjoy it. I saw Army of Darkness and Evil Dead because of Hubs too.
1050,1050,1051,1,"- @ToothFairyHeavn What a considerate Tooth Fairy you are, checking to make sure you didn't miss anyone. "
1051,1051,1052,1,' @vangeest We are perfectly on schedule' - Nobody is waisting time today  (Don't mention the Sun again;) Dedicated audience
1052,1052,1053,1," @yhf My twenties: Look, a bed! WONDER WHAT WE CAN DO. My thirties: Look, a be--ZZZZZZZZZZZzz http://tr.im/n88N"
1053,1053,1054,0," @YMPtweet @Spiral_galaxy but so badly no one does , i know that there is much more but that's what i got so far"
1054,1054,1055,1," @Zaius13 If it weren't for unspeakable things, I don't know what I'd do. http://tr.im/mX1N"
1055,1055,1056,1, _BellaCullen18_  i've been ok just got through crying with leah * frowns at the thought* we were talking about our dead fathers
1056,1056,1057,1, ~ cooking!!!
1057,1057,1058,1, ~ ncis!!!
1058,1058,1059,1,- 1 follower WOW! 
1059,1059,1060,1, 100 followers!  YAY!
1060,1060,1061,1, 11:11 makee a wishhh ;)&lt;3 GOODNIGHT
1061,1061,1062,1, 11:11. I know what I'm wishing for!
1062,1062,1063,1,- 155 days until the JB'concert in Milan!!!!I'm guarding my tickets 
1063,1063,1064,0," 2 days of this month left, and I only have 400MB left on my onpeak downloads."
1064,1064,1065,0, 2 more weeks of classes and 1 week of exam blockk then HOLIDAYS!!! holland and then on to australia x
1065,1065,1066,0, 2 weeks!!!!
1066,1066,1067,1, 21 days of no twittering and i'm back. -.- i think.
1067,1067,1068,0, 2morrow last day of skool! i'm gonna miss everyone thats leaving and specially you mel mel! bye bye! good night twitters!! &lt;3
1068,1068,1069,1, 30 lbs lost since Feb. Still have a lot more to go.
1069,1069,1070,0," 4 more minutes of lunchtime left, bad times. But my @jonasbrothers album has arrived. Yay."
1070,1070,1071,1," Good Night ! Okay, I got really nothing to say."
1071,1071,1072,1, Good night! Arrgghhhh 5-2 B.P. Do work boys!
1072,1072,1073,1, good to hear from you
1073,1073,1074,1, good weekend
1074,1074,1075,0, Goodbye CWG of my life.
1075,1075,1076,0, goodbye hair length
1076,1076,1077,1,- goodnight  ! math&amp;spanish finals tomorrow. spanish should be easy. woo.
1077,1077,1078,1, gooooood morning my twitter friends!  Have a nice sunday
1078,1078,1079,1, Gossip girl tonight!!!
1079,1079,1080,0, got burned really bad due to constantly being too wet to reapply sunscreen
1080,1080,1081,1, Got Escala's new album now.  T'is very good 
1081,1081,1082,1, Got new photoshop magazine but I need my Dad's portable CD drive to use the CD with the pics on it D: I think I'm stuck there tomorrow
1082,1082,1083,0, got sunburnt today. another day in paradise! been for 2 swims in the ship's pool!
1083,1083,1084,0, got to work at 7:00am! ughhhh longgg day ahead of me!
1084,1084,1085,1, gotta love her. glad she had fun. looking forward to the beach w/ her! 
1085,1085,1086,0," Graveyard charged my card twice (one correct total, one random amt) from last night's #atltweet tweetup. Check your accounts!"
1086,1086,1087,0, great  just fucking great
1087,1087,1088,1,=- Great day people-watching in Berkeley with my bro  I love him.
1088,1088,1089,0, Great Falls Tribune story  only talks of scouts in title. Story's theme is Be prepared when back country  traveling. http://bit.ly/8cRXR
1089,1089,1090,0, great my dad locked himself out of his car n its on... N we are 5 hours from home
1090,1090,1091,1, great nite
1091,1091,1092,1," Great tights, good outfit! http://lookbook.nu/look/160916"
1092,1092,1093,0," great, got to do a fake presentation on explaining how an operating system can be viewed as an event driven application, i dont get it :S"
1093,1093,1094,1, Great.  ? http://blip.fm/~7df6m
1094,1094,1095,0, Great...rosie was sooo close to getting her long overdue 'rosie day' but now has to wait.....til another day...sadness
1095,1095,1096,0,- grr you've changed. i don't like it. you haven't called me momo in a week 
1096,1096,1097,0," grrrrr. why can't they just go away for like 2 days! haha. this is stupid. i have to pack for mexico, bye! =]"
1097,1097,1098,0, gud bye laptop!! damn!!my mom will confiscate my laptop on june 23!!( soo saadd!!
1098,1098,1099,0, guess it's gonna be a lonely night for me.. Someone save me please!
1099,1099,1100,0, guess who im missing
1100,1100,1101,0, gutted i hope it comes soon !
1101,1101,1102,0, guys are pricks. gonna have an early night and cry til i fall asleep. fuck you all.
1102,1102,1103,0, h dont know who to go to teh movies with Sir. Lolz alot ^o^
1103,1103,1104,1," had a good night, love my best buds in the world!!! adamcheeeserosie"
1104,1104,1105,1, had a Really good night!!! Stoked for things to come!!!
1105,1105,1106,1, had an ok day. it went by fast.
1106,1106,1107,0, Had to buy a pair of wellies. Still in denial that it's gonna rain at Download.
1107,1107,1108,0, had to buy corney ass capri&quot;s ughhhhhhhhhhh now im hungry
1108,1108,1109,0, had to cancel a great day I had ahead of me today.....
1109,1109,1110,0, had yo come home early cos i ran out of money I WANT A FUCKING JOB AND THERE NONE OUT THERE FUCK FUCK FUCKITY FUCK FUCK
1110,1110,1111,1, hah! @jonloverobot that was awesome. just listened to you. pretty cool!  i love for crying out loud. 
1111,1111,1112,1, haha I really did and I'm about to call music unlimited tomorrow for  Simon..tryin to be like ROD ;)
1112,1112,1113,0, 6........tomorrow's  a new day...
1113,1113,1114,1, 63/100 for my MSC120 Assignment that was incomplete!!!! Relief
1114,1114,1115,0, a baby fell flat on his face and started bawling because of me  forgot that he is wobbley! 
1115,1115,1116,0," A doctor who performed late-term abortions in the US, was shot in his church http://twitzap.com/u/jiQ"
1116,1116,1117,0," a kid at my school got an internship at a photography studio... im going to sleep, today was very stressful and depressing.."
1117,1117,1118,0, About to leave Newcastle ):
1118,1118,1119,1, actually I might be crazy 'cause I love my job. 
1119,1119,1120,1," actually quite happy toady. apart from the agony all over my body, and not being able to go outside :L done some revising so all's gd "
1120,1120,1121,1, ah belhblehbleh the familys watching a moviee and yes imm beingg a computerr nerd :p and i wish jerkface would wake up onee daaayyyy!!!!
1121,1121,1122,0, ah I can't stop crying I hate seein my dog having attacks
1122,1122,1123,0, ah well im sure we'll be fine
1123,1123,1124,0, ahhh I have no more tissues and I look like a blow fish from crying.....ahhh I'm stressed the fuck out
1124,1124,1125,0, ahhh this sucks
1125,1125,1126,0, ahhhhh this is the worst thing to ever happen to me
1126,1126,1127,0, ahhhhhh supernatural S4E22 is finished!!!! I like to watch Season 5 now. make the season 5 already c'mon!!!
1127,1127,1128,0, alex gaskarth is so amazing and to shop with him would be great. but nooo we have to go to the movies to go see stupid hannie montannie!
1128,1128,1129,0," All I want to do is watch an awesome new (to me) show, and the internet mocks me. Oh, it mocks me hard. Suck it, internet.   "
1129,1129,1130,0, all my bestfriends are leaving!
1130,1130,1131,0, all my friends seem to be with kittens or eating ice cream. this monday is for the birds.
1131,1131,1132,0, all my texts were deleted by landi :/ i miss certain ones a lotttt
1132,1132,1133,0, all my work is completed and i'm passing everything. now all i have to stress over is exams. u.s. one tomorrow.  &lt;33 4 days.
1133,1133,1134,0, all that carpet cleaning for nothing... the carpets smell bad now at the old house. We have to call a carpet cleaner. 
1134,1134,1135,0, all the firends i make in the airport has to leave before i do...
1135,1135,1136,0, all the messages i saved in my voicemail box are gone! Now i have nothing to listen to..
1136,1136,1137,0, alllways raining in aberdeen here i come sunnnnshine
1137,1137,1138,1," alright back onto being bored. going to bed any time soon, have to get up early."
1138,1138,1139,0, am I a loner?
1139,1139,1140,0, Am racit...
1140,1140,1141,0, Am wondering why 'friends' are telling me me to shut it - when actually i have barely said anything...
1141,1141,1142,0, amy hit me cos i call her drink lady
1142,1142,1143,0, and a shocker for those who left sytycd tonight. One run cut too short.
1143,1143,1144,1, and hug@ladypn: &quot;Is there a waiting line to get into Club Blip? ;) &quot; ? http://blip.fm/~7d2a5
1144,1144,1145,1, and I dunno why but with you I'd dance in a storm in my best dress.
1145,1145,1146,0, AND maths exam tomorrow; just to make life even bettter....
1146,1146,1147,0, and our second flight is canceled.
1147,1147,1148,1,- Annnnnd @CarlaNix 's website has LAUNCHED :: http://carlaynix.com :: Bookmark it &amp; check back often. Itinerary 2 b added soon! 
1148,1148,1149,0,- another dbl shift tomorrow.. on Father's day  which means: minimal time with gpa. the illest man ever :[
1149,1149,1150,0," 2pm, lunchtime is over and da boss is back in town..."
1150,1150,1151,0, 3.2 PTR possibly this week. That makes me a sad panda. I spent 4k gold total to level my enchanting and I won't be able to farm titanium.
1151,1151,1152,0, 30stm playin at london tommorow &amp; only london in england
1152,1152,1153,0, 4's reallyy??? #PakCricket
1153,1153,1154,1,- 5 days to the musical  i'm gonna dance wow WOW wow it's gonna be something like High School Musical ihihih xoxo Petia
1154,1154,1155,0, 60 followers NOW!  .....yesterday 62 
1155,1155,1156,0, 68 new results in 5 minutes; replies for @DavidArchie.  He'll never get a chance to reply.
1156,1156,1157,0,- 8 DAYS TILL SCHOOL HOLIDAYS END 
1157,1157,1158,0,- a bit depressed after checking the local weather forecast - 9 out of the next 10 days are forecasted to be rainy. The tenth is cloudy. 
1158,1158,1159,1, a goodmorning back at cha @moovmnt
1159,1159,1160,0, a lot of hacks is garena server but the games there are fun
1160,1160,1161,1, a perfect weekend 
1161,1161,1162,1, a pony's clop-clopping down the hill (heard him long before i saw him). this would so not happen in Brooklyn barring a cop on horseback.
1162,1162,1163,0," adam ong, if ur reading this anywhere, i tried followin u back but twitter said ur page doesnt exist anymore?"
1163,1163,1164,1, adorei zoffitcha hj... dps ponho foto no tpic. GOODNIGHT TWITTERS =]
1164,1164,1165,0, after next wednesday i wont be able to snuggle with lilly when i go to bed. she's the BEST dog ever.
1165,1165,1166,0," After turning my fan club into a religion, it lost two members."
1166,1166,1167,0, again..cause india is definitely out.. ==
1167,1167,1168,0, Ah well I'm having enough fun playing with 3.0 which I got LEGALLY. *Shakes his head at people who got it illegaly*
1168,1168,1169,0,"-- ahhh! No, no, no...I do not have time to be sick this week! Go awwwaaayy! Bah! "
1169,1169,1170,1, aint i supposed to be happy ...
1170,1170,1171,0," alas, my feet hurt from the trek home (no pun intended &gt;_&gt;)"
1171,1171,1172,0," Alexa isn't feeling well. Daddy went and picked her up from Gram's house, and I'm heading out to take her to the doctors. Poor baby."
1172,1172,1173,1," all done., time to finally start shuting down"
1173,1173,1174,0, all good things must come to an end.. bye bye Hamptons
1174,1174,1175,0, All i can say is DAM IT TO HELL!!!!!!!!!!!!
1175,1175,1176,0, all I have to say is sorry =\ &amp;&amp; even though were still togther I feel so far apart...
1176,1176,1177,1," all smiles. im fairly hapy with what has happened yesterday, even though some other had to put a damper  on things *cough*"
1177,1177,1178,1,- all the snow is gone... that didn't take long... 
1178,1178,1179,0, all this time i thought my electric blanky was turned on TURNS out it wasnt FAIL
1179,1179,1180,1, almost done wit the painting tired as crap. Sleep time.&quot;in love with u&quot;- ziggy marley and erykah badu
1180,1180,1181,0, almost done with my dark roast with double espresso....need more....zooooooooom #imjustsayin
1181,1181,1182,0,=-- almost wishing I didnt volunteer to teach VBS this yr. I do need A break
1182,1182,1183,0, Alone and invisible 
1183,1183,1184,0, aloneeeeeeeee
1184,1184,1185,1," also made a masterful roast dinner, followed by apple crumble! .. Yum need gym this week though!"
1185,1185,1186,0, Alton towers with the school on Friday  although we need to leave at 5am 
1186,1186,1187,1, am 200 updates in Twitter #stats
1187,1187,1188,1, am i too immature for a 16 year old? I just really like Ninja ponies..that have only 3 legs.
1188,1188,1189,1, haha. Someone i don't even know made me laugh. ryan ross = win.
1189,1189,1190,0, hair looks dorky. Oh well.
1190,1190,1191,0, hand ball again by wynne.. Dc scores on penalty.. BS 3-3
1191,1191,1192,1, Hanging out with Steven Mohler on Sunday! ah :]
1192,1192,1193,0, hangover not good..
1193,1193,1194,1, happy birthday to me and mom! Why am i always the first one up? So here i am falling off the bed cuz someone is a bed hog  
1194,1194,1195,1, happy face.
1195,1195,1196,0, happy hour ended! Bummer in the summer. I guess I have to ride my bike back to carson.
1196,1196,1197,1, happy that its sunny
1197,1197,1198,1, happy to see him
1198,1198,1199,1, happy with the way thing are goingg
1199,1199,1200,1," Happy, knowing my friends are still my friends."
1200,1200,1201,1, happy. spending time with mum
1201,1201,1202,0, harsh shisha
1202,1202,1203,0, has got no phone fr cupla days so facebook me (inbox) gt no laptop only ifone wf no sim x
1203,1203,1204,1,- Has Just Got Up &amp;+ Is Listening To Good Charlotte 
1204,1204,1205,0,=- Has obvisously Just lost the game yet again...
1205,1205,1206,1, has something very special in mind &lt;333
1206,1206,1207,0, hate my life..hate coming home..
1207,1207,1208,0, hates the fact that she has to work instead of going dress shopping with my cousin!!!
1208,1208,1209,0,- hates waiting and equally hates job hunting! 
1209,1209,1210,0, have a headache...
1210,1210,1211,1, Have a Nice Day!
1211,1211,1212,1, have a nice day... cause i will!
1212,1212,1213,0, Have sooo much to revbise I don't even get to go church. Boo to exams
1213,1213,1214,0, have to get up a 3:00am tomorrow
1214,1214,1215,0, have to take car to mechanic fml.  #talesfrmsurbs
1215,1215,1216,1, havent updated in forever
1216,1216,1217,0, havin a bad hair day ; an the weather is not helpin my mood at all !! ..
1217,1217,1218,1, havin fun my friend?
1218,1218,1219,0,- having a bad day ! 
1219,1219,1220,0," Having a terrible day, hope everyone else is doing better off than we are at the store."
1220,1220,1221,0, having the biggest thought right now
1221,1221,1222,0, having to get tooth pulled - on the bright side problem solved
1222,1222,1223,0,=- having to stay up and watch my sister throw up. she is so very hammered. and this is really not fun...  long night for me. hmmm.
1223,1223,1224,0, he didn't answer and his voicemail box is full.  Dammit.
1224,1224,1225,1,"- Healthy Butcher, exclusive cheese, sexy bread, lovely beer, some super sparkly wine &amp; Apple fucking Tango are all inside my belly "
1225,1225,1226,1, Heard it on Pandora because that site is THAT cool http://bit.ly/C5Ja3
1226,1226,1227,1, hee hee. your so weird. and i did NOT shiver.
1227,1227,1228,0, Heroes is losing it's momentum ): come on writers pick it up!!!
1228,1228,1229,1," Hey Terri! The game isn't too expensive, but over time, you'll have made quite an investment..."
1229,1229,1230,1, hey...i'm back..if someone want to talk.. here i am.
1230,1230,1231,0, hiccuuppsss 
1231,1231,1232,0," his gone for a month in the middle of winter... first day and im lost already... 1 down, 29 to go.... hurry up"
1232,1232,1233,0, History Final Review..Still Not Done.
1233,1233,1234,0, hm.. Can I be the nut?
1234,1234,1235,1, hmm emotionless
1235,1235,1236,0, hmph...text me...
1236,1236,1237,1, Home finally.Making fettuccine and relaxing my sore feetsies!
1237,1237,1238,1, Home sweet home (: finally back XD
1238,1238,1239,1, homeish lol..hella fun day  .. Thanks leela thai  .. Thanks paul.. Thanks michelle mufid Cristina kittykat  .. Awkward moose ? 
1239,1239,1240,0, another year older
1240,1240,1241,1, any comment on the latest star trek movie? is it nice?
1241,1241,1242,1," any day now, any way now. I Shall Be Released."
1242,1242,1243,0, Anyone have any connections to getting SOLD OUT tix for Duran Duran at The Fillmore???!
1243,1243,1244,1, AP IMPACT: Alternative medicine goes mainstream http://u.mavrev.com/8kn0
1244,1244,1245,0,-- Apparently I have to wait til June 5  I want some of Paolo's Candy nooooooooow
1245,1245,1246,0, apple counting the kama sutra as objectionable/abscene? http://bit.ly/bHJG8
1246,1246,1247,0, apple counting the kama sutra as objectionable/obscene? http://bit.ly/bHJG8
1247,1247,1248,0, Apple has delayed the release of OS3! http://bit.ly/2lwpll
1248,1248,1249,1, Apple store... BBL ~
1249,1249,1250,0," are selena gomez &amp; taylor lautner going out, that just ruined my day"
1250,1250,1251,1, Are you going to be taking photographs tonight??? :O
1251,1251,1252,1, ARRRRRRGGGH!   I cant wait till next weeeeeeeeek!
1252,1252,1253,0," at david eddings dieing, a brilliant author and will miss his skilled penmanship"
1253,1253,1254,1, AT LAST!! Successful deployment complete.  Soo.....what do I do now?
1254,1254,1255,0, At least one dead in shooting by militia at potesters in Azadi Sq in Tehran: http://tinyurl.com/nsvx6q #IranElection
1255,1255,1256,0, at tegus x 2 days only 
1256,1256,1257,0,=- at the apple store again today because Jonathan did not wake up early and now needs his phone.
1257,1257,1258,0, at the clouds and the threat of rain in Savusavu!
1258,1258,1259,0, at work until 4
1259,1259,1260,1, At work.. having a postive attitude!!
1260,1260,1261,0, Athens landmark Georgia Theater  on fire... http://bit.ly/EOL7s
1261,1261,1262,0," aw , he had to get off the phone *sigh* oh well. time to go masturbate now &gt;_&gt; Or call adam..idk. Goodnight."
1262,1262,1263,0, aw my loopt didn't upload the pic. I wanted 2 show u guys the art.
1263,1263,1264,1, awesome
1264,1264,1265,1, awesome day! soooooooooooooo happy &lt;3
1265,1265,1266,1," awesome! Man, I miss you. I woke up thinking about you....it looks like you've been in my dreams!"
1266,1266,1267,1, Awesome. &lt;3 TEDDY! &lt;3
1267,1267,1268,1, aww dont make me blush!
1268,1268,1269,0, aww i already did
1269,1269,1270,0, aww I just saw a decapitated baby dear on the side of the road that made me sad.
1270,1270,1271,0, awww i hope u can get it.
1271,1271,1272,0, awww man. This suckd
1272,1272,1273,1, Baby strampelt fast im Takt (New Soul - Yael Naim)
1273,1273,1274,0, back from native...
1274,1274,1275,1," back here, I was busy xD Wirting Stars Loves, almos 400 pages xD and listenint AFH and TV "
1275,1275,1276,0, back pain again!! calls for another therapy (annoyed) http://plurk.com/p/13c7l9
1276,1276,1277,0, back to sch tmr
1277,1277,1278,0, Back to school on Monday...Well I did get an iPod Touch. @shmuxel + @randomized180 See yah tomorrow then I guess 
1278,1278,1279,0, bad day
1279,1279,1280,0, bad day already
1280,1280,1281,0, bad headache
1281,1281,1282,0, bad mood. work soon. 9 hour shift wtf. sometimes i wish i had an another job.
1282,1282,1283,0, bad night bad times i hate the police and alcohol. and btw katie cw scores are added on they mean very little.
1283,1283,1284,0," bah, I'm getting a bit sick of people whining on the internet."
1284,1284,1285,0, bandom has spoiled me rotten and now I'm feeling very emo. WHY SO FEW GOOD FRUITS BASKET FICS WHY.
1285,1285,1286,0," battery is low boooooooo in Palm Springs, CA http://loopt.us/2SljBw.t"
1286,1286,1287,1, hope you all are having a good day/night.............. :-D
1287,1287,1288,0, hoping that the 3rd time is lucky and my Formal photos can up load on facebook without a crash.
1288,1288,1289,0, How 2 get OCDer 2 eat more than 1-2 meals a day? We could take him off meds &amp; watch him slowly fall apart again but he'd eat like a horse
1289,1289,1290,0, how can someone hurt someone soo much ........aspecially to family!!!!
1290,1290,1291,0, how horrible  R.I.P Georgia Theater
1291,1291,1292,0, HOW is this possible? I demand a justification. No way can I stand a day of this at work tomorrow.
1292,1292,1293,0, how much longer is this going to go on?
1293,1293,1294,0, how much rain can we take?
1294,1294,1295,0, http://bit.ly/t8sGF  I hope she starts taking care of herself &lt;3
1295,1295,1296,0, http://img207.imageshack.us/my.php?image=wpcl10670s.jpg her songs are so perfect.
1296,1296,1297,0, http://tinyurl.com/llb9vf Poor boy was autistic &amp; loved water. Wish I could say he died with what he loved. But drowning's awful. 
1297,1297,1298,0, hurt my foot whilst doin exercise.... I got cramp and now it hurts if it has too much pressure on it...
1298,1298,1299,0, i actually do nat like my life at times like this  want to actually jst go and throw myself off a bridge.
1299,1299,1300,1, i agree @OasisStasis
1300,1300,1301,1, i am back
1301,1301,1302,1," I AM BORED, and ew. My dog just killed an insect!"
1302,1302,1303,0, i am crying you all a river...
1303,1303,1304,1, I am falling in love with Stockington - such a witty wise meow meow!! ^^
1304,1304,1305,1, i am musical today!
1305,1305,1306,0, I am not awake yet and I don't get to workout until this afternoon because I have to go to the Nashville airport.
1306,1306,1307,0," i am so sick of this. i have chest pains, stomach pains, sickness and im exhausted :'( y cant they make me better?"
1307,1307,1308,1, i am very happy today! and i don't why?      
1308,1308,1309,0, I ate too much. Now I can't sleep because I feel sick...and there are a lot of sirens.
1309,1309,1310,1, i beat you video on youtube
1310,1310,1311,0,"- I can almost hear my wallet saying &quot;I'm here, I'm here!&quot;... but I can't find her!  "
1311,1311,1312,0, I can already tell that it's going to be one of *those* days...
1312,1312,1313,0, I can find my eye shadow pursh!! :'(
1313,1313,1314,0, I can't deal with this again...
1314,1314,1315,0,- I can't find my name badge 
1315,1315,1316,0, i cant get kristen srewart to add me lol she prob  thinks im a stalker lol
1316,1316,1317,0, I can't get my new picture to show up
1317,1317,1318,0, i can't go. too much to do.
1318,1318,1319,0, I can't hear a damn word that TBS is singing 
1319,1319,1320,0, I cant make it today
1320,1320,1321,0, I Cant Stand Ma Brother He Got The New Jordans I Want... *tear*
1321,1321,1322,0, I can't wait til my lil man is here...11 more weeks!
1322,1322,1323,1, i can't wait to go home and watch danny phantom! While talking to stephen 
1323,1323,1324,1, I can't wait to go to Las Vegas! 20 more days! OMG!
1324,1324,1325,1, I Cant wait to watch britians got talent !!!!!! I dont like holly :O
1325,1325,1326,0,=- I could have stayed...  - CELL
1326,1326,1327,0," I did not get to see Beth, Rachel or Ginny today.... I'll see them tomorrow."
1327,1327,1328,0, i didnt get head boy. Oh well...x
1328,1328,1329,0," i didn't get to cook, instead had dogs... it was ok, i guess. kinda tired but not sleepy :-s btw i so &lt;3 my new book lol"
1329,1329,1330,0, I dislike myself right now. Maybe A Letter To You will help a bit. Gonna lay down : /
1330,1330,1331,0, AM meetings suck!!
1331,1331,1332,0, am so upset but i wont tell you!
1332,1332,1333,0, am suddenly v. v. sad and tired. :\ also - can anyone think of great hero anthems? counterpart to heroine's: http://snurl.com/kixxt
1333,1333,1334,1, amazing people ---&gt;  @geogurl @christophermc @feiticeira @bittersweetm #followfriday
1334,1334,1335,1, An online number lets family and friends call you at local rates wherever you are in the world. Loving Skype http://is.gd/tsgM
1335,1335,1336,0, And I have to get going #MCRchat
1336,1336,1337,0, And so it begins again... I'll be at Subway if you need me. Sigh sigh sigh.
1337,1337,1338,0,- Animal Crossing crashed on me after 50 minutes of work.  At least I still have my silver shovel.
1338,1338,1339,0, another day of running!! ......Today is fresh to death Friday (everyday is fresh to death Friday 4 me) Ha Ha lol!!!!
1339,1339,1340,0, Another eye infection. My left eye is contaminated I swear. I get eye infections every month haha.
1340,1340,1341,0, another one... and ill expect more to come... way to go dy... aarrrrggghhhhh!
1341,1341,1342,0, another Saturday without MO. Glad Rachel is coming over!
1342,1342,1343,0, ants are evil!
1343,1343,1344,1,"- Anyone else on Dropshots? My id is katjrobertson  It's password protected tho, so u'll have 2 ask me. http://dropshots.com/katjrobertson"
1344,1344,1345,0, apparently going to rain. Please Don't rain. stay sunny. please  x
1345,1345,1346,0, APPARENTLY YOU ONLY NEED LIKE 10 LINES ON THE LAST QUESTION! I DID A WHOLE PAGE! UGGGGGGGHHHH
1346,1346,1347,0, arghhhhhhhhhhhhhhh
1347,1347,1348,1, Arizona Real Estate Specialist - View ALL HOMES for sale in arizona on my website FREE http://www.nicholasmcconnell.com Coldwell Banker
1348,1348,1349,0, as my old comp duied on me 2 weeks ago ... but not to fear i will find a way to post up music no matter what
1349,1349,1350,1,- At a cabaret with my family; I love them!! .. In my comfort zone 
1350,1350,1351,0, at Atl's trance scene.
1351,1351,1352,1,- at home eating mcdonalds cinnamelts &amp;&amp; a oreo frosty. 
1352,1352,1353,0, at Katy Perry delaying her Birmingham gig for nearly 3 months.
1353,1353,1354,0, At least today is ok.
1354,1354,1355,1,=- at my grandmas eating good.
1355,1355,1356,0, at the doctors. -Ian
1356,1356,1357,0," at the hosp, waiting on my taxi. Been waitin over 30 mins now. Can't believe i'm crying :/"
1357,1357,1358,1, at the manila right now.
1358,1358,1359,0, at when Pac got shot in vegas
1359,1359,1360,0, at work
1360,1360,1361,0, at work... *tears*
1361,1361,1362,0, aw damn somebody hit tiffany on nxt weeks episode or somethin?? Hellllllll no I'm def watchin nxt week lol
1362,1362,1363,0, aw i hate my heart sooo soo much. but it's ok.
1363,1363,1364,0,"=- aw, Just missed Kim Possible..."
1364,1364,1365,0," awwe it's over. But for shuch a short storm we had it all, thunder, lightning, wind, a little bit of rain, &amp; a  brief blackout. More!"
1365,1365,1366,0, Awww cmon moodswings..
1366,1366,1367,0, babe i miss you! How was wet n' wild?
1367,1367,1368,0, baby ethans leaving for the PI tomorrow.
1368,1368,1369,0, baby. I'm so sorry your back hurts. Maybe when you come here i can oil you up and rub you down ;)
1369,1369,1370,0, back freakin hurts.
1370,1370,1371,1, back from shower.
1371,1371,1372,0, back to college for me now havnt had any sleep very tierd! hope its nice and sunny 2day
1372,1372,1373,1, back to hotel. time to start work 
1373,1373,1374,0, back to maths. i wish i could stab it. but at least i have another red bull 
1374,1374,1375,0, BB is on again soon..... ARGH!!
1375,1375,1376,1, BBL ppl ~ have to go to school~
1376,1376,1377,0, being grounded sucks
1377,1377,1378,0, belllly ache.
1378,1378,1379,0, bestee went to get pamperd wit out me (sike) she invited me but me not in the mood. i still &lt;3 her tho!!!!
1379,1379,1380,0,=- Beth left  Man oh man. Wanted to go tanning today. but I dont think that im going to be able to. Makes me sad. Boo hoo.
1380,1380,1381,1, Bethenny Frankel Starred In Hollywood Hills 90028 http://tinyurl.com/qytxx4
1381,1381,1382,0, big giant fail on my part this morning.
1382,1382,1383,0, bit disapponted with new DM album. Hope it's a grower.
1383,1383,1384,0," blah, my legs still hurt.. stupid steven. XD"
1384,1384,1385,0, blonde moment @Sammy_Bunny  thihi
1385,1385,1386,0," Blonde moment, apparently i booked the tickets for tomorrow not today. Hm...oh well till tomorrow."
1386,1386,1387,0, Body Of Missing Northern Calif. Girl Found: Police have found the remains of a missing Northern California girl .. http://tr.im/imji
1387,1387,1388,0, body shop 2morrow. Side veiw mirror is still MIA. SMH at $400 price tag.
1388,1388,1389,0, BOO. I always miss the good stuff!
1389,1389,1390,0, boooo! My iPhone is dying!
1390,1390,1391,0,"=- Bored , last day of Easter Has been ok - feels A bit upset but I dont know why  Arggh  school tomorrra - tht Has MADE me feel even worse"
1391,1391,1392,0, bored in work! Bleeehhh just had chilli for lunch
1392,1392,1393,0, bored&amp;&amp;my foot is killing me. hopefully I can still go to sandhills this weekend!!making my RAMEN N00DLES so I can take my medicine. brb
1393,1393,1394,0, bored..i've sat inside this house the past 2 days...sucky
1394,1394,1395,1, bored..yo!
1395,1395,1396,1, boring.. wait! i will comment on my friend in FS frst! ;
1396,1396,1397,0, bout to leave NY bak to CT--damn I been comin out here err day this week! Lol smh jus makin quik stops handlin bizzz
1397,1397,1398,1, bout to party in a tent 
1398,1398,1399,0," Boys are stupid, clingy puppies who need to be kicked sometimes"
1399,1399,1400,1,"' Brokeback Mountain'is so beautiful, and so amazing, and so freaking sad."
1400,1400,1401,0, broken again -.-
1401,1401,1402,0, broken bones suck
1402,1402,1403,0, broken hearts will heal with time...
1403,1403,1404,0," Bron It's okay, next year"
1404,1404,1405,1, brooklyn bridge for the first time ever. yay life =D
1405,1405,1406,0, brug says swine flu reached manila. Now the I don't have a reason for the JB to come here as refuge from h1n1!!! (
1406,1406,1407,0, bummer. .. what happened to wednesday nights??
1407,1407,1408,0, Bus only just arrived. was sposed to be here 25 mins ago. Cant wait till i can drive again so i dnt have to rely on busses.
1408,1408,1409,1," But caught Bullet Boys, Trixter (Pete was great), LA Guns AND Kix (who stole the show). Hung out backstage like a real rock and roller."
1409,1409,1410,0, but i  love that show @ohai_audrey ...
1410,1410,1411,0," but idk, he like doesn't even want to be my friend,? Cause i'm trippin? Idk. It's his fault. And i can't handle it. Ughh. I Wanna Move!"
1411,1411,1412,0, but not with Karen anymore
1412,1412,1413,0, But pretty good acting for 4 year old. I was impressed.
1413,1413,1414,0,=- but sticks and stones still break my bones
1414,1414,1415,0, but why not? @kathrynYO
1415,1415,1416,0, but youre taking steps to change it!
1416,1416,1417,0, bye baby. up next= one way ticket to hawaii. weird.
1417,1417,1418,0, byee guysss
1418,1418,1419,0, calculus exam
1419,1419,1420,0," I dnt knw, i feel lke i shuld try."
1420,1420,1421,0, i dnt want it! Just revenge.
1421,1421,1422,0, i don't feel good. I want some partyrings &amp;&amp; starbucks
1422,1422,1423,0, i dont fell happy right now 
1423,1423,1424,0, i dont know wer we went wrong
1424,1424,1425,0, i don't know what to put.
1425,1425,1426,0, i don't know why but i'm really sad and worried at the moment.
1426,1426,1427,1, I DON'T KNOW WHY I CAN'T DM FROM MY PHONE. THIS SUCK.
1427,1427,1428,0, i don't know why i'm sad and worried at the moment. i really don't know.
1428,1428,1429,0, i don't like crying.
1429,1429,1430,0, I don't think my dog is gonna make it past the night 
1430,1430,1431,0, i dont think yoru there... bummma
1431,1431,1432,0, I don't wanna be at work right now. I'm sooo tired and a smidge hungover
1432,1432,1433,0, I don't wanna be sick
1433,1433,1434,0, i dont wanna do this im gunna cry
1434,1434,1435,0, I don't wanna go to work.... Tired and I miss my papi 
1435,1435,1436,0, i don't want school anymoreee.
1436,1436,1437,0, I dunno what to do now.
1437,1437,1438,0, i failed my math final part #2     i hate calculus nowwww !
1438,1438,1439,0, i feel bad .MewithoutYou.
1439,1439,1440,0, i feel just like my car inside banged up and sad   maybe its meant for  me to get a new can i borrow some cash ..anyone? anyone?
1440,1440,1441,0, I feel like a horrible human being. I didn't take the dog out when I was supposed too!
1441,1441,1442,0, I feel like crap. 
1442,1442,1443,0, i feel like crawling into my bed under my covers listening to my ipod and having a cry session..
1443,1443,1444,0, I feel like my ipod is gonna die on me today. (The apple of my eye-double pun)
1444,1444,1445,0, i feel really alone.
1445,1445,1446,0, i fell down the stairs again... i officially hate curvy staircases. they're nothing but bad news.
1446,1446,1447,0," i felt so sick today, had a sore throat and had to go to a doctors appointment.. i just wanna rest"
1447,1447,1448,1, I finally have updated from a computer. THANK YOU DAD
1448,1448,1449,0, I forgot to bring my new Allegra D 12 hour to work today... so Singulair and I are flying solo today! 
1449,1449,1450,0, i forgot to tell you guys that I didnt make  the cheer team  gggrr!! 
1450,1450,1451,0, i got banned forever from cp mimo dosnt that suck?
1451,1451,1452,0, i got ill and tomorrow iï¿½ve got birthday...
1452,1452,1453,0, i got sunburnt 2day....In Blackpool :O lol my little boy had fun tho....chucking water on me lol
1453,1453,1454,0, I GUESS I DONT HAVE A BOYFRIEND!!!!!!
1454,1454,1455,0, I guess I wouldn't be a true Cleveland sports fan without years of collapse and disappointment
1455,1455,1456,0, I guess i'll be home... while everyone is at BDay Bash having the time of their lives... with DRAKE! :'(
1456,1456,1457,0, i guess it got you more time to work rofl
1457,1457,1458,0, I hat3 seeing friends breakup.....im sorry frankus
1458,1458,1459,0, I hate goodbyes.
1459,1459,1460,0, i hate having to change driving instructor... new one has dented my confidence slightly...
1460,1460,1461,0, I hate having to work weekend duty.
1461,1461,1462,0, i hate him. 
1462,1462,1463,0, i hate it! he's mad at me again! 
1463,1463,1464,0, i hate lightening.
1464,1464,1465,0, I hate not having anyone to talk to.
1465,1465,1466,0, I hate pain
1466,1466,1467,0, I hate summerschool! @santospattyy have fun at work even though you're getting off at 10? @iwho doooit! I'll visitt you my fobby friend!
1467,1467,1468,0, i hate the cold weather.
1468,1468,1469,0, BBC: Champion Nadal out of Wimbledon http://news.bbc.co.uk/sport2/hi/tennis/8085394.stm
1469,1469,1470,1, Be careful... white at a BBQ is a high risk. But the dress is really awesome! http://lookbook.nu/look/154056
1470,1470,1471,1, Beautiful day here on StT. Bout to head to Magens Bay- soak up some sun. Loove Saturdayss.
1471,1471,1472,1," Beboing, Twitteringinging, TVing!  dihd i say i luv twilight yet? Wel... I LUV TWILIGHT!"
1472,1472,1473,0," because Boston (and fine ass Eddie House, #whocangetit, by the way) lost last nite. Boo Orlando! LA/Cle in the finals, baby!"
1473,1473,1474,0," because I'm a safe person, my ego was a little damaged. After a lil reboot, I'll be back to my usual Harlem swagg!"
1474,1474,1475,0, becca told me i would start to feel better after food. Still stressing about this exam...more revision in a bit.
1475,1475,1476,0, becomming a fan of bubble shirts...Haha they dont make me look as chubby 
1476,1476,1477,0, been a crappy day...
1477,1477,1478,0, being a girl stinks. Grrrrrrrrrr
1478,1478,1479,0, Being forced into bed. Guess I'll have to wait until moring here for Niley news (I'm in UK so  )
1479,1479,1480,0,"- big day of putting in a dock tomorrow.  60 degress outside, but the water will be much colder than that! "
1480,1480,1481,0, bio. physics. math. health. filipino. english. elections. help me i'm drowning in school work.
1481,1481,1482,0, blah blah blah... I'm perfect for you and you know it.
1482,1482,1483,0, Blesh. No feedback. And no one in my house will tell me. Sheesh.
1483,1483,1484,0, bluetooth still doesn't work on iphone 3.0. pile of knob sackage!
1484,1484,1485,0, boo (but will I listen?)
1485,1485,1486,0, boo for the first day of classes...summer classes! ughhhh has anyone ever had boob cramps? lol
1486,1486,1487,0," boo hoo- trying to open my email, it's not working, grrrr!"
1487,1487,1488,0, boo you suck...but thanks for one thing today and can't wait for the rest of the week...
1488,1488,1489,0, bored and no one is talking anymore.
1489,1489,1490,0, bored..... sad.... no one tweeting...
1490,1490,1491,0, bored.wish I had somewhere 2 go.ha
1491,1491,1492,0, BOREDD I WANT TO GO HOMMMMME.
1492,1492,1493,0, Boring English Coursework.
1493,1493,1494,0, BOSS marah coz i steal a few puff......
1494,1494,1495,0, Boston and Atlanta both out...my vote goes to the Nuggets for NBA Champions! http://plurk.com/p/ug96m
1495,1495,1496,1,- bouta' watch mall cop 
1496,1496,1497,0, brandon why do you work so much? 
1497,1497,1498,0, breaking into pieces...waited all that time 4 what N.A.S.
1498,1498,1499,0, bringing my lovely back home. Sucks. Great day. I love her. Steven later.
1499,1499,1500,0," British weather is back i see! Oh well Birtney, london and ciaraaaa in 5 dayssss "
1500,1500,1501,0, bryan wants on right now. if i can get on when hes done i will. TXT MEEEEEE!
1501,1501,1502,0, but theres always tomorrow..
1502,1502,1503,0, caffine headache now lol follow @peterfacinelli @gilbirmingham @billy_burke
1503,1503,1504,1,' camp in confirming that he will be in San Diego this fall for the PRSSA Convention. haha. 
1504,1504,1505,0, can I tweet yet? My phone was jus buggin
1505,1505,1506,1,=- can See clearly now the rain is gone.
1506,1506,1507,0, can some one pleease tell me how to work out the total surface area of a square pyramid? 
1507,1507,1508,0, cannot hear the new song due to geographic location. i am geographically undesirable. and tune-less
1508,1508,1509,0, Cant do this anymore
1509,1509,1510,0, cant drive yet but that dont matter Im gonna learn bout cars and motorbikes.
1510,1510,1511,0, can fuck I also have to read NIGHT!!
1511,1511,1512,0, can I go and sit in my own little corner
1512,1512,1513,0, can someone buy me adrink? Faaa real!!!!!
1513,1513,1514,0,- can someone run with me to Newport ? Don't wanna take the ride myself 
1514,1514,1515,1, Can yah figure it outt?!
1515,1515,1516,0, can`t believe i missed out on a day of swimming at nikki`s!
1516,1516,1517,0, can't believe the jumpers are gone...i'm really depressed now.
1517,1517,1518,0, cant do it!
1518,1518,1519,0, can't ever find parking
1519,1519,1520,0, cant fall back asleep.
1520,1520,1521,0, can't get on the net on my phone
1521,1521,1522,0, can't go swimming 2 day..mabey tomorrow..
1522,1522,1523,0, cant leave because my dad is in the bathroom...
1523,1523,1524,0, cant listen to www.ZIPFM.net on my mac
1524,1524,1525,1, Can't see his copper green guys though.. http://tinyurl.com/ppc4cq
1525,1525,1526,0, cant sleep .. wishin i was wit @jimmyrobinson07 i love youu .. good nite twitters!!
1526,1526,1527,0, cant sleep because my dumb arms itch so bad. FML i cant wait to go to the doctors
1527,1527,1528,1," Can't sleep... Must be the time change, right? &lt;3"
1528,1528,1529,1, can't stop smiling after talking to him all day...  ...Why couldn't I have met him months ago?!?
1529,1529,1530,1, Cant waiit! xxx.
1530,1530,1531,1, can't wait 'til wednesday!!!! &lt;3 CHAMPSSSS!!!!
1531,1531,1532,0, cant wait till later!!!!!!!!!!! gonna sit here and play ps2 then prob watch the phillies then eat dinner then the best part of the day!
1532,1532,1533,1, can't wait to get my share of her check today. Lol
1533,1533,1534,1, cause i'm happy but disappointed my car is messing up.....my poor baby. now i'm hungry with no way to get food. What's in this house?????
1534,1534,1535,0," cavs lost, and I got this sinking feeling we are going to lose Lebron in 2010 also...why must my home city SUCK? Ah well, LETS GO BROWNS!"
1535,1535,1536,1,=- change of screen name
1536,1536,1537,0, charade is over.Sammy Sosa supposedly tested positive in 2003 for a performance enhancing drug. My childhood hero is officially disgraced
1537,1537,1538,1, Charging phone
1538,1538,1539,0, cheer me up;
1539,1539,1540,0, cheese and pickle sandwich with too much pickle = urgh!!
1540,1540,1541,1, chillin!!!!
1541,1541,1542,1, Chinese for dinner and working on a cool website template. So proud of myself.
1542,1542,1543,0, chop my hand off please! Advil isn't working
1543,1543,1544,1,-- choppin it up w/ @auchboogie  i love you
1544,1544,1545,0, Cleveland @MsJBell Congrats Orlando
1545,1545,1546,0, clouds are rolling in....
1546,1546,1547,0, coco doesnt tweet anymore. viva la hole woman. dont let us down...again....
1547,1547,1548,0, come back
1548,1548,1549,0, computer overheatedd. I think i smell burning laptop...
1549,1549,1550,0," computers not working , help help help"
1550,1550,1551,1, concert later tonight!
1551,1551,1552,1," cool. Ew, I bought The Things They Carried on amazon &amp; it came like shit! &gt;=/ I cost me $10 &amp; its $14 new &gt;=/"
1552,1552,1553,1, could be
1553,1553,1554,0, could not get to sync facebook and twitter
1554,1554,1555,0, Could Not Sleep If My Life Depended On It ):
1555,1555,1556,0, couldn't find anything I wanted at Fry's that was within my budget.
1556,1556,1557,0," couples in public, slow love songs...  Im soo lonely "
1557,1557,1558,0," Covered in bug bites, man this blows.....  "
1558,1558,1559,0, coz he's 
1559,1559,1560,0, cramps suck your mothers balls! *mentally screams* OUCH!
1560,1560,1561,0, i hate this .. Goodnight.
1561,1561,1562,0, i hate this part.
1562,1562,1563,0, i hate thunder... i woke up really scared just now cus of it.
1563,1563,1564,0," i hate when porn ppl follow me, what. time to delete stuff~"
1564,1564,1565,0, I have a brace and it hurts!!!!! now I am a braceface!!!!!
1565,1565,1566,1, i have a buzz
1566,1566,1567,0, i have a headache!!!
1567,1567,1568,0, i have already seen all the episodes of forensic files they are playing tonight.
1568,1568,1569,0, i have been having the worst cramps lately.
1569,1569,1570,1," I have finally seen Clerks, from beginning to end and no TV swear-word editing (poor Jay! xD). I feel somehow fulfilled."
1570,1570,1571,0, I have one big swollen ear...antibiotics again!
1571,1571,1572,0," I have such a problem with insomnia, went to bed at midnight and woke up at 3 am...."
1572,1572,1573,0, i have the cold 
1573,1573,1574,0," i have to go into school tomorrow to sing, and babysit before that. when will i find time for the sims 3?! i'm going to cry!"
1574,1574,1575,0, I have to go to work.
1575,1575,1576,0, i have to piss.
1576,1576,1577,0, I have to wait till next Tuesday to see star trek cause no one will go with me till then.  Friends suck.
1577,1577,1578,0," i havent actually seen my bestfriend in maybe a month... My fault, i been so busy... And i miss her!"
1578,1578,1579,1, I haven't been on Twitter all day thought I'd make some late twitters.
1579,1579,1580,0," i haven't checked it for a while, but sushi's memorial site seems down, can anyone else see it? http://cli.gs/sushi"
1580,1580,1581,1, i hope everyone has a great day!
1581,1581,1582,0, i hope i dont have any weird brain problem or disease  i think ill be fine though. the nurse doesnt sound too worried.
1582,1582,1583,0, i hope justice isnt mad at me
1583,1583,1584,0, I hope the RAPE GHOST doesn't get me.
1584,1584,1585,1, I hope you find a great trousers
1585,1585,1586,0, I is to drunk to know if in a partht or what nor
1586,1586,1587,0," i just ate some bad fruit, i think"
1587,1587,1588,0, I just busted my ass in the kitchen and I'm wearin flats....grr stupid floor
1588,1588,1589,0, i just got dumped by my boyfrnd  love  makayla
1589,1589,1590,1, I just got to my 500 tweet...... Do i get a prize? *sidebar* Cassidy...... Your NASTY! Why i gots to hear about your wide peen for? Smh
1590,1590,1591,0, i just had a bug crawling on my leg. it scared me. but now its in a water bottle i found on my floor. hopefully it doesnt find a way out!
1591,1591,1592,0, I just heard David Eddings died earlier this month
1592,1592,1593,0, I just hit my face on a box at work n scratched my cheek lol
1593,1593,1594,0, I just made a $1k principal payment on my student loans because I realized my monthly payments only go to interest. ):
1594,1594,1595,0, i just need my snuggle buddy backkk
1595,1595,1596,0, i just poked myself in the face with a Goose feather from my pillow...
1596,1596,1597,0, I just restarted my iPod. I should've written down all my apps first.
1597,1597,1598,1,- I just saw one of the new Camaros &quot;in the wild&quot; for the first time! Cool. 
1598,1598,1599,0, i just sneezed with a strepsil in my mouth and nearly choked (n)
1599,1599,1600,0," I just waited so long for the finale of gossip girl to download, opened it up and it was the wrong one! They posted the wrong link! D:"
1600,1600,1601,0, I just wanna curl up and go back to bed!
1601,1601,1602,0, I just wanna swim some laps but all the lanes are taken! This sucks.
1602,1602,1603,0, can't get it off my mind... &lt;/3
1603,1603,1604,0, can't get my free haircut today... next week i guess
1604,1604,1605,0," Can't get my hands on a copy of Cap #600 until at least Thursday. Actively avoiding spoilers, bought Deadpool to cheer me up instead"
1605,1605,1606,0, can't hear the reds game in the tunnel.
1606,1606,1607,0, can't sleep again
1607,1607,1608,0, Can't sleep and have an exam tomorrow Oh No!
1608,1608,1609,0, Can't sleep.  Watching Royal Pains.  Impressed. - http://royalpains.usanetwork.com/
1609,1609,1610,0," can't sleep. But oh well, half my headache is gone."
1610,1610,1611,0, can't sleep. Have to be up at 6 in the am. Boo!  Go to sleep flor!!
1611,1611,1612,1, can't wait to come home!
1612,1612,1613,1, cant wait to see eric and lauras house 
1613,1613,1614,0, Cardinals lost...AGAIN!
1614,1614,1615,0,=-- Catching up on last weeks Greys... I miss when it was awesome
1615,1615,1616,1,- Catching up on some work! looking forward to going out 2night 
1616,1616,1617,0," Cavs fizzled, tribe burnt by Yankees. Not a happy day for Cleveland. #fb"
1617,1617,1618,0, Cavs lost!!!!! WHY!!!! Magic will lose easily though
1618,1618,1619,0, cheer up shan.
1619,1619,1620,0, chili's doesn't do the awesome blossom any more.
1620,1620,1621,0, Class is boring
1621,1621,1622,0, cleansed my face &amp;was reminded y I'm a winter not a summer ! I hate the sun . My face is so sore ! My everything is so sore ! 
1622,1622,1623,1,--- click on my name &amp; go look at my profile 
1623,1623,1624,0," Climate Progress, MIT doubles its 2095 warming projection to 10ï¿½F ï¿½ with 866 ppm and Arctic warming of 20ï¿½F ( http://bit.ly/kdlvw )"
1624,1624,1625,0," clouds rolling in, hard to believe I got a little sunburned today.."
1625,1625,1626,0,- Clumsy 'ol me left an awful scratch scar on my nose while attempting to adjust the googles and freestyling at the same time. 
1626,1626,1627,1, cocoa pebbles at midnight. xD
1627,1627,1628,0," college is over, I have now cleared and handed in my student card  uni to look forward to and enjoying the summer months"
1628,1628,1629,0, Collingwood are playing shiteeeeeeeee atm. Comeee on boysssss!
1629,1629,1630,0, Columbus Crew
1630,1630,1631,0, come on AppStore Approval. its been almost 18 hrs :p lol
1631,1631,1632,0, comfort foods shall be the death of me - there is dire need of eating less chocolate cake n getting more beauty sleep!
1632,1632,1633,0, company is offering 2nd round of VSS RIF!
1633,1633,1634,1, Completo. Just as the bell rings
1634,1634,1635,0, confused....
1635,1635,1636,1, coolness  http://yfrog.com/06atmfj
1636,1636,1637,0, couldnt go with ashley
1637,1637,1638,0, cousin not coming because of her senior project which isnt due for another fing 2 weeks &amp; its just an art project..ridiculous!!!
1638,1638,1639,1, cracker night! Dinner at tgi Fridays and the cinema  it's gonna be good to awake up without a hangover 2mrw tattoo 2mrw?!
1639,1639,1640,0, craig's a cokehead
1640,1640,1641,0," crap day - feel sick and my phone has the battery life of, well, um, something with a miniscule life..."
1641,1641,1642,1," Currently getting dressed for ballet. Yes I am sitting here in a leotard, so what? Hahaa, I'm freezing..."
1642,1642,1643,1, da baby sleep now my gosh now its time 4 me 2 get sum rest b4 she gets up around 10am =(
1643,1643,1644,0, dad is leaving and wont be back til the wedding.
1644,1644,1645,0, dad left for turkey already
1645,1645,1646,0," daddy passed away june 13, 2009"
1646,1646,1647,0," dag just when i decide to throw that freak em dress on, my most expensive get em heels &amp; my fox lashes.. didda sys zzzz.. wtf"
1647,1647,1648,0, cramps. FUCK YOU. ugh asdfghjkl; in so much pain right now. I should go eat a banana. http://tumblr.com/xzr1wz7ez
1648,1648,1649,1, CUBASE IS WORKING OH MY GOD
1649,1649,1650,0,=- curiousity killed the cat... so much for wishing for the dream job...
1650,1650,1651,0,-- currently at tajur. Boo boo I'm hungweey 
1651,1651,1652,1, Currently enjoying the tonight show... I've missed my Conan&lt;3
1652,1652,1653,0, cuz frankie is going swimming....
1653,1653,1654,0, D: :S &gt;.&lt; ?????????? WHAT??? ;_;&lt;/3
1654,1654,1655,0, dads in the hosptal (stupid bees)
1655,1655,1656,0," Dammit, my card didn't have enough money on it after all, which is why the DT deluxe box set was rejected. Now I have to get it again."
1656,1656,1657,0,=- Damn I have A Cold.
1657,1657,1658,0, damn it twitter UPDATE ME!!!
1658,1658,1659,0, damn thuderstorms woke me up.. wish my bebe was here with me. I love you RICHARD
1659,1659,1660,1, Dancing no more tonight. I'm EXHAUSTED. 
1660,1660,1661,0, dang i feel like shit and those &quot;Above the Influence&quot; commercials really grind my gears.
1661,1661,1662,0,-- Daniel Powter Bad day http://bit.ly/ezAuU   i m NOT at COLDPLAY 2-nite in NASH...
1662,1662,1663,0," darn i just found out im getting one of my tooth pulled out tomorrow, its gonna hurt so bad im guessing.(("
1663,1663,1664,0,-- darn. I forgot to bring a fork to work today...now I'm eating my salad with coffee sticks. 
1664,1664,1665,0, David Eddings is dead. I hope he died believing he'd gotten that one story finally told.
1665,1665,1666,0, David Tennant is dating again. I thought he was saving himself for me. When will I meet some tall dark Scotsman to romance me?
1666,1666,1667,0," Dear all, had to restore my computer and I have lost everything. Show delayed until I can get things back together."
1667,1667,1668,0, def feelin a way. Jus found out a guy my lil brother grew up wit died. Niggas shot him at a party. 19 n gone.. Smh.. Stop the violence
1668,1668,1669,0," demi is going on tour, taylor is going tour, miley is going on tour, &amp; jonas brothers are going on tour, with the guy i think i &lt;3. : ..."
1669,1669,1670,1, Demi lovato is comming to london so is miley YAY! you lot will see me there trustttt mee still want to know what time itunes gig starts
1670,1670,1671,0," dentist later, I'm hoping it's my teeth plates and nothing as NASTY as last time..."
1671,1671,1672,1," designing away for #f3s - homepage, match stats, league tables, private games and more - previews coming soon (:"
1672,1672,1673,0, did God give up on us?!
1673,1673,1674,0, did I miss the hov track. smh I see mad twits about the hov shit.
1674,1674,1675,0, did you guys hear about the airplane crash? Scary.
1675,1675,1676,0, Didn't bring connector for camera on trip...saving new photos will have to wait another week...
1676,1676,1677,0, Didnt calld Dad
1677,1677,1678,0, Didn't do so well on the job today. Made $78. But I learned some valuable skills at the field manager meeting today!
1678,1678,1679,0, didn't get an award but i did get recognized by all the seniors. They said that they are going to watch the plays because of me 
1679,1679,1680,0, didn't get my halo-halo but instead have an udon soup to go.
1680,1680,1681,0," didn't get to meet bachmann, but her young texan intern filled my quest for crazy..."
1681,1681,1682,0, didnt sticth today cos was reading on wattpad LOL
1682,1682,1683,0, did't have proper food from morning on...  Liquid diet... Citrus in breakfast &amp; apple shake in lunch... missing home food
1683,1683,1684,0, i just want my compositions back. i was going to work on a waltz/lullaby. stupid gremlins.
1684,1684,1685,0," I just woke up but I wanna go back to sleep, someone keep me up lol."
1685,1685,1686,0, I keep getting errors on iPhone and it saves okay online but I see nothing
1686,1686,1687,0, I know I know
1687,1687,1688,0, i know it could've been a lot worse. But a broken ankle is still enough to worry me.
1688,1688,1689,0, I like the emo boy in hollyoaks /sad
1689,1689,1690,0, I look like a freakshow!! The beautician waxed my eyebrows into oblivion!!
1690,1690,1691,0, i look so beautiful today lol(in my dreams) and yet there is nobody around who wants to do anything 
1691,1691,1692,0, i lost my 021 charger last night 
1692,1692,1693,0, i lost my book while i was sleeping. who does that?!
1693,1693,1694,0, I lost two kids at Youth Group tonight. No joke.
1694,1694,1695,1, I love Dirk and his 44 points from tonight. Now if he could only realize he was meant to be with me..
1695,1695,1696,0," I love him, and now, we're not even friends&lt;\3"
1696,1696,1697,1, i love my friends. And cant wait for church tomorrow!!!!!! Im up. Up. Up. Right now. This happens frequently.
1697,1697,1698,1, i love my momma &lt;3
1698,1698,1699,1, i LOVE shortsTack! (Especially Shaun!!hehe) But(bradie &amp;andy r gorgeous too!!!
1699,1699,1700,1, I love talking to you. Even if its simple words.
1700,1700,1701,1, I love the download fest.
1701,1701,1702,1,"=- I love you, what do you say?"
1702,1702,1703,1, i loved the new calf
1703,1703,1704,0, I make nonsense jokes that make pain to others....
1704,1704,1705,0," i may have diabites i cant spell it but yeah , fuck !! ttoally scared now , my body if fucked , soo fuckign annoying !!"
1705,1705,1706,0," I may not get to keep my engagement ring.. may have to switch it... not fair, bc I want THAT ring.. oh well. ily Sparkle Puff."
1706,1706,1707,0, i miss bby V....want to see her NOW!
1707,1707,1708,0, I miss Direct TV...I could be watching the Cake Boss now or already watched it...
1708,1708,1709,0, i miss guild wars... i still haven't touched the most recent one. it's just sitting on my desk. skylar alanine will get some action soon
1709,1709,1710,1, I miss kelli. But I'm glad she's having fun  fun saturday night  goodnight. I miss jeffy.
1710,1710,1711,0, i miss my boys....
1711,1711,1712,0, I miss my brycey alreadt... oside bound.
1712,1712,1713,0, I miss my cell phone 
1713,1713,1714,0, I miss my friends
1714,1714,1715,0, i miss my leddy boo...
1715,1715,1716,0, i miss the days when i was the starfish to his sponge
1716,1716,1717,0, I miss us! Miss the old times with the guyz 
1717,1717,1718,0, I miss you.Where are you? D:
1718,1718,1719,0, I need a hug
1719,1719,1720,0, I need a money
1720,1720,1721,0, I need a new Ipod!! This freaking thing won't Sync anymore!!! Anywho......Hoping the Magics make a run for the W!!!
1721,1721,1722,0," I NEED A PHONE....MISSIN DA CRACKBERRY RITE NOW, SOMEBODY HELP ME PLEASE!!"
1722,1722,1723,0," i need followers-If you want Satellite TV on your pc, check this site  See http://bit.ly/SuSvGu"
1723,1723,1724,0, I need ktv!
1724,1724,1725,0, I need my car fixed
1725,1725,1726,0, I need someone to comfort me
1726,1726,1727,0," I need study a lot, tommorow 2 tests: in music and physics, oh, and also art homework! Hmm... I think, that I will make optical illusion!"
1727,1727,1728,0, I need you more than you need me...and this hurts Paige.
1728,1728,1729,0, i neva knew gettin an internship was this unpredictable
1729,1729,1730,0, did't have proper food from morning on... Liquid diet... Citrus in breakfast &amp; apple shake in lunch...
1730,1730,1731,0, Diego makes Tori sad that she FAILS ! Anti-depressant pills ftw. NOT!
1731,1731,1732,1, Disneyland was great! ... Got to go and pick up the kitties in a minute ... ?
1732,1732,1733,1, Dodgers are doing good today. ^3  6-0 Dodgers 2 outs
1733,1733,1734,0,- doesn`t have a phone. 
1734,1734,1735,0, Doing my Chem 16 Pre-lab. (
1735,1735,1736,1," done with benjamin button, what a beautiful movie. Sleeping, dreaming of my wife. Hopefully go over her house early tomorrow&lt;3"
1736,1736,1737,0, don't feel like cooking...
1737,1737,1738,0, dont get to see my boys tomorroww.im sad
1738,1738,1739,0," dont let me down, mighty tkt booking portal..."
1739,1739,1740,0,"- don't you hate it when you iPhone battery dies on you, and the nearest charge is 15 miles away "
1740,1740,1741,0, DOU GUYZ EVEN C ME HERE!?!?!?!?
1741,1741,1742,0," down, nite."
1742,1742,1743,1, dreams do come true.
1743,1743,1744,0, driving to school without justin texting me.. What a lonely morning
1744,1744,1745,0, dumb kyle i @him but doesnt have me on his updates
1745,1745,1746,1, eatin cereal
1746,1746,1747,1, eating food! hahaha
1747,1747,1748,1, eeep i love her. so glad she's around.... hannahh! you said you'd text you never didd!
1748,1748,1749,0, ehhh startin to think this is not for me
1749,1749,1750,0, Either my Video Card died or my DVI cord went down the drain...
1750,1750,1751,0, English tomorrow. *breaks down*
1751,1751,1752,0," english, bummer..."
1752,1752,1753,1, enjoying my last days of summer &gt;sigh&lt;
1753,1753,1754,0, equals sad. In case you were wondering.
1754,1754,1755,1,"-- err y am i still awake ? my birthday is june 24th woo hoo  , than BET awards june 28, than vegas july 2-5!"
1755,1755,1756,0, eurgh  silly sick. silly cold. silly tired. needs her stuff back!
1756,1756,1757,0, even the hoff can't bandaid the scar left by diversity winning and not the father son dancey team.
1757,1757,1758,0, Every boy...Ive never met anyone as cold as them  Well some boys
1758,1758,1759,0," every number, bbm pin, and text message is gone from my phone...its empty. I'm about to cry...smh http://myloc.me/5dMB"
1759,1759,1760,0, Everybody Hates Vinde.
1760,1760,1761,0, everyone from home is going to the beach today &amp; I'm stuck in philly
1761,1761,1762,0, everyone hates canada! No @Mileycyrus and no @mitchelmusso who wants to road trip to fargo to see @mitchelmusso cause i sure am!
1762,1762,1763,0, everyones going on holiday and im left on my loansome for like the 5 year in a row :'( tis crap to be soo skint stuck in shitty scotland
1763,1763,1764,0, exams how i hate exams in the summer ! its not fun not at all !! BEACH i miss you !&lt;3
1764,1764,1765,1,- excited for toms shopping ! 
1765,1765,1766,1, faster faster show on 16th in Brunswick
1766,1766,1767,0, fed up and upset. i need some good nosh down me and a cuddle from a lovely boy with messy hair please. i need a night out too..
1767,1767,1768,1, Feddy won! Woop woop! Must compose myself now in preparation pour le finale d'Apprentice later. WAY too much excitement for one day!
1768,1768,1769,0, feeling a little under the weather today.
1769,1769,1770,1, Feels like a giggly school girl!
1770,1770,1771,0, Fifa ticketing just times out. Seems like my 2010 ticket chances are getting less and less...
1771,1771,1772,0," film not on till 7:45, will have to hold out for 2 hours, i'll fix some tea and then go to pops for an hour"
1772,1772,1773,0, damn it.
1773,1773,1774,0,- damn watchin Spidey Man 3  ::tears:: it touched my soul lol
1774,1774,1775,0, damn wendy's commerical got that damn song in my head.
1775,1775,1776,1, damn you mobbing deep
1776,1776,1777,0," Damn, I missed Kindergarden Cop on showtime, I'll have to catch the replay later. &lt;3 that movie"
1777,1777,1778,0," damn, Kayley doesn't get to meet Robin."
1778,1778,1779,0, Damn. This kinda sucks more than i thought it would. Probably not gonna sleep.
1779,1779,1780,0, damn...I miss you...
1780,1780,1781,1, dance flick was hilariouss!!!
1781,1781,1782,0," dancin todayyy , dont wanna , and its lush weather in flippin wales, and im spending it inside :'("
1782,1782,1783,0,- dark angel is so cool. its unfair. i'm gonna go cut myself now 
1783,1783,1784,0, David must be hospitalized for five days end of July (palatine tonsils).
1784,1784,1785,1, dear driay LOL emo kid god this so brings back merions ha year 6
1785,1785,1786,0, dear GOD...
1786,1786,1787,0, Delivery from Aussie Farmers didn't work. The pity of living in a big apartment complex. Wished I had a house to use their services.
1787,1787,1788,1, Design with humor. Escape key on the run!-- http://ow.ly/3dfT
1788,1788,1789,1," despite my last tweet, I'm having a fantasticly sunny day (="
1789,1789,1790,0, destiney is out. though megan is still my favourite
1790,1790,1791,0, Detroit won the first game with a score of 3-1. Red Wings lead series 1-0. ! 
1791,1791,1792,0," devistated, You'll forever be in my heart Joshua. Shine on soldier. I can't believe this."
1792,1792,1793,0, did not win my w and y tix...i am determined... excited for tonight yardhouse with my favesss... ONE WEEK!!!!!!
1793,1793,1794,0, dident die from the tornado ohh well lolâ¥
1794,1794,1795,0, didn't realize this was happing. sighed and it went all over. so much angst that i sigh blood. http://tinyurl.com/kt2fm4
1795,1795,1796,0, dis aint gud a heatstroke! 
1796,1796,1797,0, disappointed the Cavs...
1797,1797,1798,1, discussing the importance of ed westwick &amp; chace crawford with mia.
1798,1798,1799,1, disneyland fireworks!
1799,1799,1800,1,"=- do you want love or do you want fame, are you in the game? -Lady GaGa  such addictive beats!Getting ready to avoid wasting the day"
1800,1800,1801,0, does any1 know wut time its sposed to rain?
1801,1801,1802,0, Does anyone know how to treat a bug bite on a dog?
1802,1802,1803,0, does neone know what is the exact procedure of getting a DS 2019 issued ..and whether it costs for a summer intern ?
1803,1803,1804,0, doesn't have contacts on &amp; can't see ='(
1804,1804,1805,0, Doesn't know what to eat! What would you eat on very sensitive stomach after being sick?
1805,1805,1806,1, don't ask... and if u do you will regret it alot
1806,1806,1807,0, don't feel good
1807,1807,1808,0, dont go i got luv for my 100th follower lol @rashagirl28
1808,1808,1809,0, Don't hope. You'll be disappointed
1809,1809,1810,0, dont know how im goin to go on. i cannot sleep. i keep thinking of her... 
1810,1810,1811,0, don't know why I bother
1811,1811,1812,0, don't make fun of a concerned friend!
1812,1812,1813,0, don't wanna think about cheating  my bf is going to Vegas this weekend. I decided not to go! 
1813,1813,1814,0,-- don't want to do all the housework tonight! 
1814,1814,1815,1, Dream house!
1815,1815,1816,0," Dropping my mom off at the airport, then distracting myself from being sad with museum hopping in LA!"
1816,1816,1817,0, Dt exam tomo .... Doing revsion now  !
1817,1817,1818,0," i never get direct messages.. must not be exciting, hm? xD"
1818,1818,1819,0, i no feels good today
1819,1819,1820,1, I now remember why Ms. Janet Jackson is in my top 3.
1820,1820,1821,0, I only wanted him to wish me happy birthday.. So much for remembering. Its called facebook these days.
1821,1821,1822,1, i oove you. bahaa
1822,1822,1823,0,=- I posted too early. San Jose Just scored
1823,1823,1824,1, I really hope Peter Facinelli wins his bet......
1824,1824,1825,0, I really wanna go home. I HATE working late!
1825,1825,1826,0, i really wish i could have kept that kitten.... someone just picked it up. It will have a good home with no mean cat hissing at it 
1826,1826,1827,0, i sat on my chocolate truffles.... so much for saving them for to night *tear
1827,1827,1828,0, i see how it is
1828,1828,1829,0, i should have picked that dog up! Oh no  someone go on the freeway off near bob hope and rescue the cute black dog
1829,1829,1830,0," I Shouldn't Have Came! Its Not The Same Without My Best Friend @TootsiiePop ...  I'm 4Real Y'all, I Miss My Sista.! I'm Bouta Cry "
1830,1830,1831,0, I shouldn't miss you. &gt;_&lt;
1831,1831,1832,0, I slept for maybe an hour or two...even though i tried so hard to fall asleep cause i need my rest.
1832,1832,1833,0, i so don't like going to the dentist
1833,1833,1834,0," I Still Cant Find My Phone , And I Cant Call It , Cause Its Dead"
1834,1834,1835,0, i swear to cheese &amp; crackers @songzyuuup is in Detroit like every 2 months &amp; i NEVER get to see him!  i swear this blows monkeyballs!
1835,1835,1836,0, i think i gain another 4kg
1836,1836,1837,0, i think i need a drink
1837,1837,1838,0, i think im going to bed now... sooo tired! nitey nite!
1838,1838,1839,1," i think its a good day, bang bang, dirty rich"
1839,1839,1840,1, I think its work time
1840,1840,1841,0, I think my friend has swine flu... FOR REAL  he's in the hospital.
1841,1841,1842,0, i think my trachea is infected again.
1842,1842,1843,0, i thnk ima cry i feel rlly bad
1843,1843,1844,0, i thought i made some progress... Nope
1844,1844,1845,0, i totally know how you feel
1845,1845,1846,1, i wanna be like you (Demi)
1846,1846,1847,0, i wanna crawl in a ball..
1847,1847,1848,0, i wanna vote for Miley Cyrus and I cant!! I wanna live in the united states now!!
1848,1848,1849,0, i wanna watch the new ep but of course it's ppv..put it on the pay members page too..please matt!!!
1849,1849,1850,0, I want all my friends back. (via @Mikejones37) as do I.  Happy for you mike.
1850,1850,1851,0, I want an unltimate maing room... free astros. XD
1851,1851,1852,0, i want baja california starbursts for some odd reason. :/
1852,1852,1853,0, i want iphone OS 3.0...how much longer must i wait? :] me eating french toast. Yum yum yum
1853,1853,1854,0, I want my Casanova &amp; Clopin.
1854,1854,1855,0, i want summer love! PLEASE LORDDD lol. im so patheticcc.
1855,1855,1856,0," I want the ham sandwich now, but diannaaaa is making me play pokemon."
1856,1856,1857,0, i want to b happy n content. tell me hw. - http://tweet.sg
1857,1857,1858,0, I want to but i can't 
1858,1858,1859,0," i want to enter in my old my space , but i forget the password"
1859,1859,1860,0, i want to get away!
1860,1860,1861,0, i want to get out of sm riiight now. it is draining my soul
1861,1861,1862,0, i want to go home get in bed. eat soup. watch friends season 5. all day. i feel like crap
1862,1862,1863,1, I want to go to the Teen Choice Awards!
1863,1863,1864,0, I want to move so fucking bad. I hate it here. I wish I never bought concert tickets because now I can't move as soon as I want.
1864,1864,1865,0, dude bringing up memories now
1865,1865,1866,0, Eden missed a turn and then drifted. It was so damn scary. ((
1866,1866,1867,0, ehhh bad day
1867,1867,1868,1," elaina and sarah are over, watching movies and what not"
1868,1868,1869,0, electricity is out.
1869,1869,1870,0, Eliminated Me (KQs) SB x (AKo) CO-1 with a king in the flop.
1870,1870,1871,0," em chï¿½n cï¿½i trï¿½nh ?? English c?a th?ng AR47 quï¿½, v?y mï¿½ nï¿½ c? ng?i s?a em hoï¿½i huhu"
1871,1871,1872,0, Empty Nest...literally @ my fiancee's.  I hope they're still around. They were SO CUTE &amp; I miss them!
1872,1872,1873,0, England what the hell :'( :'( #cricket # T20
1873,1873,1874,0, enough said.
1874,1874,1875,0,- eShoot canceled... It's storming and raining in Tampa!  
1875,1875,1876,0, europe cruise mite be cancelled; there was a fire that happened on our ship..... My summer is officialy ruined. 
1876,1876,1877,0, even Poirot is not making my head feel better.
1877,1877,1878,0, even worse than I thought 
1878,1878,1879,0," Ever since my brother got married, I feel so alone at home. Even though we seldom communicate but he's presence at home is enough."
1879,1879,1880,0, everybody has jobs. I am going to be the only one without money.
1880,1880,1881,0," everybody that has my number and my BBM my phone is not working so will be getting a new phone on thursday.. THIS SUCKS, i love you yall"
1881,1881,1882,0, everyone deserves to be forgiven.
1882,1882,1883,1, everyone have an AWESOME wknd! yay for sunshine!
1883,1883,1884,0, everyones just set to &quot;Away&quot; on msn.. nobody to talk to :\
1884,1884,1885,1, Everything went as planned!!! Now I have many many many new souvenirs from #Herschel and #Planck 
1885,1885,1886,1, everythings so fucking chilled atm  loving life right this minute. ooo dj am and trvs ayeeeeeeee i think sooo  FIX YOUR FACE 14 FTW.
1886,1886,1887,0, exams suck
1887,1887,1888,0, Exams!!!
1888,1888,1889,1, excellent morning! trying to take in the fact that theres only 1 more week left of school &quot;/
1889,1889,1890,1, Excited about purchasing my new MacBook Pro - should be here in a few days
1890,1890,1891,1, Excited. Dont think i will sleep tonight!
1891,1891,1892,0, failed my psychology class last semester. I don't know if i want to go back in the fall now. Wow that's depressing and whats even more
1892,1892,1893,1," fallen leaves, fallen leaves on the ground "
1893,1893,1894,0, fantastic..it's probably cause of the messaging last night/morning..
1894,1894,1895,0, Farm Town isn't connecting for me. And I have crops that need to be harvested. #fb
1895,1895,1896,0, Farrah Fawcett has passed away 
1896,1896,1897,0, Farrah Fawcett... one less charlie's angel but one more angel for god
1897,1897,1898,1, FBI: Terrorist Attack On Golden Gate Bridge May Have Been Green-Screened http://bit.ly/hdexD (via @TheOnion)
1898,1898,1899,0, fcked thing up for good no 
1899,1899,1900,0," feel like crying. fucking bitch stealing my family, i want them back."
1900,1900,1901,0," Feel like shit. Choked on something last night &amp; now throat &amp; chest ache &amp; headache. Chicken noodle soup, sandwich, chips, then bed."
1901,1901,1902,0," Feel sorry for him, he's kidless on father's day."
1902,1902,1903,0, feeling sad that rapidshare.com acct has bn expired... #fb
1903,1903,1904,0, feeling very down this friday morning... i hate when i have time to think... i just get myself down /sigh
1904,1904,1905,1,- Figuredd out how to edit profilee  .. &amp; Levi youu dont need to do a 200 Calorie diet :S
1905,1905,1906,1, Final Destination 4 has a release date!! August 1st!!!!
1906,1906,1907,1, finally a good mood 
1907,1907,1908,1, finally got my FMC tickets in the mail!!!!!!!!! yeeeeeeeeeeee
1908,1908,1909,1, finally linked my fone 2 twitter
1909,1909,1910,1, Finally! I finished a new item in my striped colorful knitted line! Want to see it? =&gt;&gt; http://bit.ly/UZtpT
1910,1910,1911,0, finally!! lol but  piccckkk mee uppp!!!
1911,1911,1912,0, Find it yet?
1912,1912,1913,0, fine. I should be anyway. see you at the 4th quarter.
1913,1913,1914,1, fingers crossed another enjoyable night cause of someoneeeee
1914,1914,1915,1,- finishing up my midterm project for web publishing class &amp; waiting to go over zachs house. 
1915,1915,1916,0," Finn fell of the balcony, seems ok, but will know better in a few hours"
1916,1916,1917,0,=-- First uni exam tomorrow
1917,1917,1918,0, Fix my puter... Its taking a dump.
1918,1918,1919,1, flordia- and @stellarkartband- where do u send in the pictures of the shrits? saw ur update on facebook 
1919,1919,1920,0, Flower died.
1920,1920,1921,1, follow me
1921,1921,1922,1, Follow me on Twitter!  http://bit.ly/P1I1h
1922,1922,1923,0, food poisoning ?
1923,1923,1924,0, for once cant i be number one
1924,1924,1925,0, FORÃA MEADD ! http://meadd.com/adrianoshevchenko/15425876
1925,1925,1926,0," forgot about my spanish essay. hopefully, i finish before 3 AM."
1926,1926,1927,1, Found a place to buy Secret Agent Sam. Now where to get it for free...
1927,1927,1928,0, Free Movie was sold out...wtf?
1928,1928,1929,1,- FRIDAY! i've caught a cold. How rubbish is that? At least i've got the whole weekend to spend in bed. 
1929,1929,1930,1," Friday!!! Plus, woke up naturally, no nasty alarm. The world is so much nicer when the sun wakes you up instead of some radio dj "
1930,1930,1931,0, Friend's emailed me a list of signs you're middle aged woman and I relate to 90%... incl. forgetfulness ...so I am now becoming my Mum
1931,1931,1932,0," from NCAVP's report: 2008, with 29 total murders, has the highest number of deaths since 1999, and an increase of 28% from 2007"
1932,1932,1933,0, from seeing all my koreans buisnesses failing.
1933,1933,1934,0, fuck it
1934,1934,1935,0, fuck overtime!
1935,1935,1936,0," fuck that, Dev is clearly superior."
1936,1936,1937,0, fuckin ugh...
1937,1937,1938,0, fxcking tired and sooo cold
1938,1938,1939,0, gdocs letting me down. Not saving and not sharing. One more go.
1939,1939,1940,0, get better friend. It sucks not to be able to taste. So sorry
1940,1940,1941,1, Getting close to 2K followers!  I feel a chocolate party coming on! You are all invited 
1941,1941,1942,0,- Getting 'er done.. 16 hrs of work behind me. Not sure how many left in front 
1942,1942,1943,1, Getting ideas for my room revamp! 
1943,1943,1944,1," getting ready for school. after i print out this song, fancy, i know."
1944,1944,1945,0, getting ready for work ....  def should have stayed in last night 
1945,1945,1946,1,=- getting ready to go on A date
1946,1946,1947,0, gettn meds for my baby. he's got a stuffy nose and now a cough. his 1st time getting sick
1947,1947,1948,0,- Gig was awesome! Am exahausted and so dont want to revise  Boo Hoo!
1948,1948,1949,0, girls are so mean now a days damn
1949,1949,1950,0, Git version of Gnome Shell broke Compiz. Still get nice clutter effects though.
1950,1950,1951,1, glad I could help...or not depending on how much $ you spend ;)
1951,1951,1952,1, glade you liked it i'll be over in a few minutes
1952,1952,1953,0, i want to shop!! - http://tweet.sg
1953,1953,1954,0," I want to take pieces of the past and bring them to the present.Things Would Change.A life without you,That wouldn't be the same.. ?"
1954,1954,1955,0, I wanted Taj to win
1955,1955,1956,0, I wanted the cavs to win it all! Defense wins the game Cavs.... I don't like loosing and I know this is alot of pressure on Bron.
1956,1956,1957,0, i wasted more than a roll of film.
1957,1957,1958,0, i will txt you when i get back from oc. Maybe we can do something. Ill make you feel better. . Na mean. Lol jk
1958,1958,1959,0, i wish he knew how much i miss him...
1959,1959,1960,0, I wish I could play guitar..... my guitar I got a few christmas`s ago is collecting dust! I need to learn! haha
1960,1960,1961,0," I wish I lived far far away, in a fairytale land.... With lots of happiness and love... Ahhhh to daydream"
1961,1961,1962,0, i wish i was famous.
1962,1962,1963,0, I wish I were there.
1963,1963,1964,0, I WISH IT WAS SUMMER TIME.....
1964,1964,1965,0, I wish Mark was here
1965,1965,1966,0, i wish paramore won for best song... boo
1966,1966,1967,0, I wish this was easier!! 
1967,1967,1968,1, i woke up! Lol ~
1968,1968,1969,0,"-- I won't feel guilty and like I should be revising stuff after today, haha "
1969,1969,1970,0," I work the next 4 days, 8 hours each day. No fun."
1970,1970,1971,0, i... have to start... work... tomorrow......................
1971,1971,1972,1, icant stop smiling! Especially thinking of the time we ran to the train...
1972,1972,1973,0, idk why i 'm so sad  i need to somone right now 
1973,1973,1974,0,=- Ii cant beleivee the ppl that imm losinng
1974,1974,1975,0, i'll be leaving home tomorrow.
1975,1975,1976,0, ill deff be going up early on Tuesday will you? What time at?
1976,1976,1977,0, I'll get home like 5pm today it will be a long day no hangover just my body is drain out n my legs hurt ;-( I'm dehrydrated
1977,1977,1978,1, I'll get my son Tommi to visit at me tomorrow from Oulu. So nice )
1978,1978,1979,0, I'm a sad panda today. I want a slurpee damnit!
1979,1979,1980,0," I'm about to turn down a great job offer in LA. Raise, paid for accomodations, rental car, weekly expenses paid...I have my reasons."
1980,1980,1981,1, im almost done with this portrait. woo. hmm.. maybe i should draw andrew bisante with my new pastels !!
1981,1981,1982,1, I'm back online!
1982,1982,1983,1," im back, but now going offline seeya guys  have fun on twitterrr~  night lvoe ya."
1983,1983,1984,0, im being attacked by a moth!!  its scary stuff  haha!
1984,1984,1985,0, I'm being confused..
1985,1985,1986,0, i'm board :b and happy for tomorrow
1986,1986,1987,0, I'm Bored... Bored....Bored Again And Developing A Headache And I Want A Piece Of Carrot Cake mmm
1987,1987,1988,0, I'm boreddddd...rain rain go away.
1988,1988,1989,0," im buzzed and followed friends to punk ass bar, possibility of me getnin laid minimal "
1989,1989,1990,0," Im crushed, How could i have been so stupid?... ~!$@M@NTH@ !~"
1990,1990,1991,0, I'm depressed about the cavs loss now I'm checking out the Da Vinci Code for the first time!
1991,1991,1992,0, Im dying of thirst and I wish I was in a large body of water somewhere in Hawaii!! Anything with clear water actually!!!
1992,1992,1993,1, I'm exactly where I want to be. ))
1993,1993,1994,0," I'm exhausted. Having pasta soon, thank god."
1994,1994,1995,1, im followin demi she rocks
1995,1995,1996,0, I'm freaking out    ~ I got something to admit ~
1996,1996,1997,0, im fukin bored im goin on gs 4 a bit
1997,1997,1998,1, finally awake!!!!
1998,1998,1999,1,=- finally Catching the new episode of college hill.
1999,1999,2000,1, finally finished. now i can sleep peacefully!
